"timestamp","heartrate"
1475623760000,70
1475623775000,70
1475623790000,70
1475623805000,70
1475623820000,70
1475623835000,70
1475623850000,70
1475623865000,70
1475623880000,70
1475623895000,70
1475623910000,70
1475623925000,70
1475623940000,70
1475623955000,70
1475623970000,70
1475623985000,70
1475624000000,70
1475624015000,70
1475624030000,70
1475624045000,70
1475624060000,70
1475624075000,70
1475624090000,70
1475624105000,70
1475624120000,70
1475624135000,70
1475624150000,70
1475652715000,70
1475652725000,85
1475652740000,87
1475652745000,106
1475652755000,105
1475652765000,102
1475652775000,115
1475652790000,105
1475652795000,102
1475652810000,102
1475652815000,103
1475652825000,107
1475652830000,105
1475652835000,102
1475652840000,101
1475652850000,99
1475652855000,101
1475652860000,100
1475652865000,99
1475652875000,100
1475652880000,97
1475652885000,98
1475652890000,97
1475652895000,96
1475652905000,93
1475652910000,92
1475652920000,92
1475652935000,92
1475652945000,93
1475652950000,94
1475652955000,98
1475652960000,100
1475652975000,100
1475652980000,99
1475652995000,100
1475653000000,101
1475653010000,99
1475653025000,99
1475653030000,103
1475653035000,107
1475653045000,106
1475653050000,103
1475653065000,105
1475653070000,106
1475653075000,107
1475653080000,110
1475653090000,109
1475653100000,112
1475653105000,113
1475653110000,112
1475653115000,113
1475653120000,117
1475653125000,116
1475653130000,117
1475653135000,119
1475653145000,120
1475653150000,117
1475653165000,116
1475653170000,113
1475653175000,114
1475653180000,115
1475653195000,115
1475653210000,115
1475653215000,116
1475653230000,114
1475653235000,113
1475653240000,112
1475653245000,110
1475653260000,110
1475653275000,110
1475653280000,112
1475653285000,111
1475653290000,113
1475653295000,114
1475653305000,113
1475653310000,113
1475653315000,112
1475653320000,108
1475653335000,108
1475653340000,110
1475653355000,109
1475653360000,114
1475653365000,115
1475653380000,115
1475653385000,112
1475653390000,111
1475653400000,112
1475653410000,114
1475653415000,110
1475653420000,109
1475653425000,107
1475653435000,108
1475653440000,110
1475653445000,113
1475653450000,118
1475653455000,116
1475653460000,115
1475653470000,114
1475653475000,116
1475653480000,117
1475653490000,116
1475653500000,115
1475653505000,115
1475653515000,114
1475653520000,115
1475653525000,117
1475653530000,115
1475653535000,116
1475653540000,117
1475653545000,115
1475653550000,113
1475653565000,112
1475653575000,111
1475653580000,107
1475653585000,106
1475653600000,105
1475653605000,104
1475653610000,105
1475653615000,106
1475653625000,107
1475653630000,108
1475653635000,109
1475653640000,110
1475653645000,108
1475653650000,109
1475653655000,108
1475653660000,106
1475653665000,105
1475653670000,108
1475653675000,111
1475653680000,110
1475653685000,109
1475653690000,108
1475653700000,107
1475653705000,107
1475653710000,109
1475653715000,107
1475653730000,107
1475653740000,108
1475653745000,109
1475653760000,109
1475653765000,108
1475653770000,107
1475653775000,106
1475653785000,109
1475653800000,109
1475653815000,111
1475653820000,113
1475653835000,113
1475653850000,113
1475653865000,114
1475653870000,113
1475653875000,112
1475653880000,106
1475653885000,102
1475653900000,102
1475653905000,103
1475653910000,104
1475653925000,104
1475653940000,104
1475653955000,105
1475653960000,106
1475653965000,105
1475653970000,102
1475653975000,103
1475653980000,104
1475653985000,106
1475653995000,107
1475654000000,106
1475654005000,105
1475654010000,105
1475654015000,104
1475654020000,105
1475654025000,106
1475654035000,105
1475654050000,105
1475654060000,106
1475654065000,108
1475654070000,107
1475654080000,106
1475654095000,106
1475654105000,106
1475654110000,105
1475654115000,105
1475654125000,106
1475654130000,108
1475654135000,109
1475654140000,108
1475654150000,105
1475654160000,107
1475654175000,107
1475654190000,107
1475654205000,107
1475654220000,107
1475654225000,106
1475654240000,106
1475654250000,106
1475654265000,106
1475654280000,106
1475654295000,106
1475654310000,106
1475654325000,106
1475654340000,106
1475654355000,106
1475654370000,106
1475654380000,103
1475654390000,102
1475654405000,102
1475654410000,105
1475654420000,95
1475654430000,92
1475654440000,82
1475654450000,80
1475654460000,81
1475654475000,81
1475654480000,86
1475654495000,86
1475654500000,91
1475654515000,91
1475654530000,92
1475654540000,99
1475654550000,97
1475654560000,96
1475654570000,98
1475654585000,98
1475654600000,100
1475654610000,101
1475654620000,102
1475654630000,98
1475654645000,98
1475654650000,96
1475654665000,96
1475654670000,89
1475654685000,89
1475654690000,91
1475654695000,91
1475654710000,91
1475654720000,92
1475654730000,92
1475654745000,92
1475654760000,92
1475654770000,90
1475654785000,93
1475654790000,96
1475654795000,97
1475654800000,98
1475654805000,100
1475654820000,100
1475654825000,100
1475654830000,101
1475654835000,99
1475654840000,98
1475654845000,99
1475654850000,104
1475654855000,99
1475654860000,101
1475654865000,102
1475654880000,105
1475654895000,110
1475654900000,112
1475654905000,113
1475654920000,112
1475654925000,113
1475654930000,115
1475654935000,116
1475654945000,117
1475654955000,112
1475654960000,109
1475654970000,110
1475654975000,108
1475654980000,107
1475654990000,109
1475655000000,110
1475655010000,111
1475655015000,115
1475655020000,113
1475655030000,112
1475655035000,110
1475655040000,107
1475655050000,104
1475655055000,106
1475655060000,109
1475655065000,112
1475655070000,115
1475655075000,119
1475655080000,117
1475655085000,116
1475655090000,114
1475655095000,113
1475655100000,113
1475655105000,112
1475655120000,112
1475655130000,116
1475655135000,123
1475655140000,134
1475655145000,145
1475655150000,153
1475655155000,156
1475655160000,160
1475655165000,157
1475655170000,160
1475655175000,163
1475655180000,162
1475655185000,158
1475655190000,154
1475655195000,153
1475655205000,151
1475655210000,146
1475655215000,147
1475655220000,146
1475655230000,145
1475655235000,139
1475655240000,133
1475655245000,129
1475655250000,130
1475655255000,128
1475655260000,127
1475655265000,126
1475655275000,124
1475655280000,123
1475655285000,124
1475655290000,123
1475655295000,121
1475655300000,119
1475655305000,121
1475655315000,121
1475655325000,124
1475655330000,126
1475655335000,127
1475655350000,127
1475655365000,127
1475655370000,124
1475655380000,125
1475655390000,126
1475655405000,126
1475655420000,128
1475655430000,127
1475655440000,122
1475655455000,122
1475655470000,122
1475655475000,121
1475655480000,122
1475655485000,121
1475655500000,118
1475655515000,118
1475655520000,118
1475655535000,118
1475655545000,116
1475655550000,115
1475655560000,111
1475655570000,103
1475655580000,104
1475655590000,101
1475655600000,101
1475655615000,101
1475655620000,105
1475655635000,105
1475655640000,106
1475655645000,105
1475655650000,107
1475655660000,113
1475655670000,118
1475655680000,112
1475655690000,109
1475655700000,107
1475655710000,101
1475655720000,99
1475655730000,100
1475655740000,98
1475655750000,101
1475655765000,102
1475655770000,102
1475655780000,101
1475655785000,102
1475655790000,98
1475655795000,97
1475655805000,98
1475655810000,99
1475655815000,100
1475655830000,100
1475655835000,102
1475655845000,103
1475655860000,105
1475655865000,104
1475655870000,101
1475655875000,103
1475655890000,103
1475655905000,103
1475655915000,102
1475655920000,101
1475655935000,105
1475655940000,108
1475655945000,112
1475655950000,112
1475655955000,112
1475655970000,113
1475655975000,114
1475655990000,115
1475655995000,114
1475656000000,112
1475656005000,114
1475656010000,112
1475656015000,109
1475656020000,108
1475656035000,108
1475656040000,108
1475656050000,80
1475656060000,78
1475656075000,78
1475656080000,80
1475656090000,81
1475656100000,91
1475656110000,96
1475656120000,100
1475656130000,99
1475656145000,99
1475656150000,97
1475656160000,96
1475656170000,97
1475656185000,98
1475656200000,98
1475656210000,97
1475656220000,91
1475656230000,85
1475656240000,77
1475656250000,78
1475656260000,79
1475656270000,80
1475656285000,80
1475656300000,79
1475656310000,78
1475656320000,75
1475656335000,75
1475656350000,76
1475656360000,77
1475656365000,81
1475656370000,82
1475656375000,84
1475656380000,86
1475656390000,88
1475656395000,90
1475656405000,92
1475656410000,89
1475656420000,93
1475656425000,96
1475656430000,94
1475656440000,97
1475656445000,99
1475656455000,100
1475656460000,104
1475656465000,109
1475656470000,114
1475656475000,120
1475656480000,127
1475656485000,132
1475656490000,126
1475656495000,120
1475656510000,124
1475656515000,121
1475656520000,117
1475656535000,116
1475656540000,115
1475656550000,119
1475656560000,119
1475656565000,115
1475656580000,75
1475656590000,76
1475656600000,74
1475656610000,74
1475656615000,75
1475656630000,76
1475656640000,79
1475656650000,80
1475656660000,88
1475656665000,88
1475656670000,92
1475656675000,93
1475656680000,97
1475656685000,99
1475656690000,100
1475656695000,98
1475656700000,102
1475656705000,106
1475656720000,107
1475656730000,108
1475656735000,109
1475656740000,110
1475656750000,108
1475656760000,107
1475656765000,104
1475656770000,102
1475656775000,101
1475656780000,98
1475656785000,98
1475656790000,98
1475656795000,100
1475656800000,102
1475656805000,100
1475656815000,108
1475656830000,110
1475656835000,114
1475656840000,115
1475656855000,115
1475656860000,114
1475656865000,113
1475656875000,112
1475656880000,112
1475656895000,112
1475656900000,113
1475656905000,116
1475656910000,115
1475656920000,119
1475656925000,118
1475656930000,117
1475656940000,114
1475656945000,112
1475656955000,111
1475656960000,107
1475656965000,104
1475656970000,107
1475656980000,109
1475656985000,110
1475656990000,111
1475656995000,110
1475657010000,111
1475657015000,109
1475657020000,108
1475657035000,109
1475657050000,108
1475657055000,109
1475657060000,110
1475657065000,102
1475657070000,103
1475657075000,102
1475657080000,104
1475657085000,105
1475657090000,104
1475657100000,106
1475657105000,105
1475657115000,109
1475657120000,110
1475657135000,109
1475657140000,108
1475657145000,114
1475657150000,117
1475657155000,118
1475657160000,111
1475657165000,109
1475657180000,107
1475657185000,108
1475657190000,107
1475657200000,107
1475657205000,108
1475657210000,106
1475657220000,106
1475657230000,107
1475657235000,108
1475657240000,106
1475657255000,106
1475657265000,103
1475657270000,104
1475657280000,107
1475657290000,106
1475657295000,106
1475657300000,107
1475657305000,108
1475657315000,109
1475657320000,108
1475657325000,109
1475657340000,109
1475657345000,112
1475657360000,112
1475657370000,110
1475657375000,108
1475657385000,109
1475657390000,106
1475657395000,105
1475657400000,104
1475657405000,104
1475657410000,106
1475657415000,109
1475657420000,110
1475657425000,113
1475657430000,112
1475657435000,110
1475657440000,109
1475657455000,109
1475657460000,108
1475657470000,110
1475657475000,112
1475657490000,112
1475657495000,112
1475657510000,112
1475657515000,111
1475657520000,111
1475657530000,111
1475657545000,111
1475657560000,111
1475657570000,129
1475657575000,118
1475657580000,118
1475657595000,118
1475657600000,118
1475657605000,117
1475657620000,116
1475657625000,118
1475657640000,117
1475657645000,116
1475657650000,114
1475657655000,108
1475657660000,105
1475657670000,104
1475657685000,104
1475657695000,109
1475657700000,105
1475657705000,105
1475657720000,103
1475657725000,102
1475657740000,105
1475657750000,100
1475657760000,103
1475657770000,101
1475657780000,106
1475657790000,106
1475657800000,102
1475657810000,102
1475657815000,101
1475657820000,100
1475657825000,105
1475657830000,107
1475657835000,107
1475657840000,106
1475657845000,107
1475657855000,108
1475657865000,107
1475657870000,108
1475657875000,105
1475657880000,107
1475657885000,108
1475657890000,109
1475657905000,109
1475657910000,107
1475657920000,103
1475657935000,103
1475657945000,103
1475657955000,103
1475657960000,99
1475657970000,100
1475657975000,100
1475657990000,100
1475658000000,100
1475658010000,100
1475658025000,100
1475658040000,70
1475658050000,99
1475658060000,91
1475658065000,93
1475658070000,91
1475658080000,85
1475658090000,102
1475658105000,102
1475658120000,102
1475658125000,101
1475658135000,101
1475658150000,102
1475658165000,102
1475658170000,101
1475658185000,101
1475658190000,101
1475658200000,101
1475658215000,101
1475658230000,101
1475658245000,101
1475658260000,101
1475658270000,99
1475658280000,98
1475658285000,98
1475658300000,98
1475658310000,99
1475658325000,99
1475658335000,97
1475658340000,95
1475658350000,97
1475658365000,95
1475658380000,95
1475658390000,94
1475658395000,95
1475658400000,97
1475658415000,97
1475658430000,97
1475658440000,98
1475658445000,96
1475658450000,96
1475658455000,95
1475658460000,97
1475658465000,99
1475658470000,99
1475658475000,100
1475658480000,99
1475658485000,97
1475658500000,97
1475658515000,97
1475658525000,96
1475658540000,96
1475658555000,96
1475658565000,96
1475658575000,95
1475658580000,94
1475658595000,94
1475658610000,94
1475658620000,96
1475658630000,94
1475658635000,95
1475658650000,109
1475658660000,110
1475658675000,110
1475658680000,107
1475658695000,107
1475658710000,107
1475658725000,107
1475658730000,109
1475658740000,112
1475658750000,110
1475658760000,108
1475658770000,103
1475658780000,105
1475658790000,104
1475658800000,105
1475658815000,105
1475658820000,104
1475658830000,106
1475658845000,106
1475658860000,107
1475658870000,105
1475658875000,106
1475658880000,104
1475658890000,102
1475658895000,102
1475658900000,99
1475658910000,98
1475658920000,99
1475658930000,98
1475658940000,98
1475658950000,100
1475658955000,100
1475658970000,100
1475658980000,102
1475658995000,102
1475659000000,104
1475659010000,104
1475659020000,100
1475659030000,101
1475659040000,102
1475659050000,104
1475659060000,102
1475659070000,99
1475659080000,96
1475659090000,97
1475659100000,98
1475659110000,99
1475659120000,98
1475659130000,99
1475659140000,100
1475659155000,100
1475659160000,99
1475659170000,99
1475659180000,103
1475659190000,104
1475659195000,105
1475659205000,106
1475659210000,102
1475659220000,99
1475659230000,98
1475659240000,97
1475659250000,100
1475659260000,104
1475659265000,101
1475659275000,98
1475659280000,96
1475659285000,95
1475659290000,94
1475659295000,94
1475659300000,96
1475659310000,99
1475659325000,99
1475659335000,100
1475659340000,102
1475659345000,104
1475659350000,107
1475659355000,108
1475659365000,110
1475659375000,111
1475659380000,112
1475659385000,113
1475659390000,114
1475659395000,113
1475659400000,111
1475659405000,112
1475659410000,113
1475659415000,111
1475659420000,109
1475659425000,107
1475659430000,108
1475659435000,107
1475659440000,106
1475659445000,105
1475659455000,105
1475659465000,105
1475659480000,106
1475659485000,108
1475659490000,105
1475659495000,104
1475659500000,102
1475659515000,102
1475659520000,101
1475659525000,101
1475659540000,101
1475659555000,101
1475659570000,102
1475659585000,102
1475659600000,102
1475659615000,101
1475659620000,100
1475659635000,101
1475659640000,103
1475659645000,104
1475659650000,105
1475659655000,106
1475659670000,106
1475659675000,104
1475659680000,104
1475659695000,104
1475659700000,104
1475659715000,104
1475659720000,103
1475659730000,103
1475659735000,103
1475659740000,102
1475659755000,102
1475659760000,105
1475659765000,108
1475659770000,105
1475659785000,105
1475659790000,104
1475659795000,103
1475659810000,101
1475659820000,105
1475659825000,106
1475659835000,105
1475659845000,108
1475659850000,107
1475659855000,108
1475659860000,111
1475659865000,112
1475659875000,110
1475659880000,114
1475659885000,119
1475659890000,120
1475659895000,121
1475659900000,119
1475659905000,115
1475659910000,112
1475659915000,109
1475659920000,114
1475659925000,117
1475659930000,118
1475659945000,115
1475659950000,116
1475659955000,117
1475659970000,117
1475659980000,119
1475659990000,118
1475659995000,115
1475660000000,112
1475660010000,117
1475660015000,119
1475660030000,116
1475660035000,115
1475660040000,118
1475660045000,119
1475660060000,119
1475660070000,119
1475660085000,119
1475660090000,118
1475660095000,101
1475660100000,98
1475660105000,99
1475660120000,99
1475660130000,99
1475660145000,100
1475660160000,99
1475660175000,99
1475660180000,96
1475660185000,96
1475660200000,96
1475660205000,96
1475660220000,95
1475660225000,96
1475660230000,95
1475660245000,95
1475660260000,95
1475660275000,95
1475660290000,96
1475660300000,95
1475660315000,95
1475660330000,99
1475660340000,101
1475660355000,101
1475660360000,100
1475660370000,95
1475660385000,95
1475660390000,95
1475660405000,95
1475660410000,91
1475660425000,91
1475660430000,93
1475660440000,98
1475660450000,99
1475660460000,98
1475660470000,96
1475660480000,97
1475660490000,98
1475660505000,98
1475660510000,103
1475660525000,103
1475660535000,102
1475660550000,101
1475660565000,101
1475660580000,98
1475660590000,98
1475660600000,98
1475660615000,98
1475660630000,97
1475660640000,95
1475660645000,94
1475660650000,93
1475660665000,93
1475660670000,94
1475660675000,102
1475660680000,101
1475660685000,102
1475660690000,104
1475660695000,100
1475660700000,94
1475660705000,93
1475660715000,98
1475660720000,100
1475660725000,99
1475660730000,96
1475660735000,94
1475660740000,93
1475660755000,93
1475660760000,92
1475660765000,93
1475660770000,95
1475660780000,96
1475660790000,97
1475660800000,98
1475660815000,98
1475660830000,98
1475660840000,95
1475660850000,97
1475660860000,102
1475660870000,100
1475660875000,101
1475660880000,101
1475660895000,99
1475660900000,99
1475660910000,100
1475660915000,97
1475660930000,97
1475660945000,97
1475660960000,95
1475660970000,94
1475660985000,94
1475661000000,94
1475661015000,94
1475661020000,70
1475661035000,89
1475661050000,86
1475661060000,94
1475661070000,93
1475661080000,93
1475661095000,93
1475661110000,93
1475661120000,70
1475661130000,97
1475661140000,99
1475661155000,99
1475661170000,96
1475661185000,96
1475661200000,95
1475661215000,95
1475661230000,95
1475661240000,94
1475661255000,94
1475661270000,94
1475661280000,93
1475661295000,93
1475661300000,91
1475661310000,89
1475661325000,89
1475661340000,89
1475661350000,93
1475661360000,97
1475661370000,97
1475661380000,98
1475661395000,98
1475661400000,97
1475661405000,98
1475661420000,98
1475661425000,99
1475661430000,101
1475661435000,103
1475661440000,104
1475661445000,102
1475661450000,104
1475661455000,106
1475661465000,107
1475661480000,105
1475661485000,102
1475661490000,99
1475661495000,98
1475661510000,98
1475661515000,98
1475661525000,76
1475661530000,75
1475661535000,74
1475661545000,74
1475661560000,75
1475661575000,75
1475661580000,76
1475661585000,76
1475661590000,76
1475661600000,76
1475661615000,77
1475661630000,77
1475661645000,77
1475661650000,76
1475661665000,76
1475661670000,81
1475661680000,87
1475661690000,90
1475661700000,90
1475661710000,96
1475661720000,97
1475661730000,95
1475661740000,98
1475661750000,97
1475661760000,94
1475661765000,95
1475661780000,95
1475661795000,95
1475661800000,95
1475661810000,95
1475661825000,96
1475661830000,96
1475661845000,96
1475661860000,96
1475661865000,97
1475661870000,96
1475661875000,97
1475661890000,97
1475661905000,97
1475661920000,97
1475661935000,97
1475661945000,99
1475661955000,103
1475661960000,104
1475661965000,105
1475661970000,106
1475661980000,105
1475661985000,107
1475661990000,111
1475661995000,113
1475662000000,114
1475662010000,116
1475662015000,117
1475662020000,118
1475662035000,117
1475662040000,115
1475662055000,116
1475662070000,116
1475662075000,115
1475662080000,114
1475662085000,113
1475662090000,114
1475662105000,114
1475662110000,111
1475662115000,109
1475662125000,108
1475662140000,107
1475662155000,107
1475662170000,83
1475662180000,85
1475662185000,85
1475662190000,86
1475662200000,84
1475662215000,84
1475662230000,84
1475662245000,85
1475662250000,88
1475662255000,89
1475662260000,92
1475662265000,94
1475662270000,95
1475662275000,97
1475662280000,99
1475662290000,104
1475662300000,105
1475662305000,108
1475662310000,111
1475662315000,110
1475662320000,109
1475662325000,102
1475662335000,103
1475662340000,98
1475662350000,101
1475662355000,105
1475662360000,106
1475662365000,106
1475662370000,107
1475662375000,106
1475662380000,103
1475662390000,105
1475662395000,104
1475662400000,103
1475662405000,102
1475662420000,100
1475662430000,101
1475662445000,102
1475662455000,98
1475662460000,96
1475662470000,97
1475662485000,97
1475662490000,101
1475662505000,101
1475662510000,101
1475662520000,102
1475662525000,104
1475662530000,106
1475662545000,107
1475662550000,109
1475662555000,112
1475662560000,115
1475662565000,116
1475662570000,113
1475662580000,108
1475662585000,107
1475662590000,109
1475662595000,110
1475662600000,107
1475662605000,108
1475662620000,111
1475662625000,116
1475662630000,113
1475662635000,117
1475662640000,122
1475662645000,124
1475662650000,123
1475662660000,122
1475662665000,124
1475662675000,121
1475662680000,122
1475662685000,126
1475662690000,128
1475662700000,129
1475662705000,131
1475662710000,130
1475662715000,126
1475662725000,123
1475662730000,127
1475662735000,130
1475662745000,131
1475662750000,129
1475662755000,131
1475662765000,134
1475662770000,137
1475662775000,136
1475662780000,132
1475662785000,135
1475662800000,135
1475662810000,131
1475662820000,133
1475662825000,134
1475662830000,135
1475662835000,136
1475662840000,138
1475662845000,139
1475662850000,137
1475662865000,136
1475662875000,133
1475662885000,134
1475662890000,132
1475662895000,129
1475662905000,132
1475662910000,130
1475662920000,126
1475662925000,123
1475662930000,121
1475662935000,125
1475662940000,129
1475662945000,131
1475662950000,134
1475662955000,135
1475662965000,134
1475662970000,131
1475662975000,130
1475662980000,132
1475662985000,129
1475662990000,130
1475662995000,128
1475663000000,127
1475663005000,124
1475663015000,121
1475663020000,120
1475663030000,121
1475663035000,119
1475663040000,120
1475663055000,118
1475663060000,117
1475663065000,116
1475663070000,118
1475663075000,120
1475663085000,119
1475663090000,120
1475663095000,118
1475663100000,117
1475663105000,116
1475663110000,115
1475663115000,114
1475663120000,113
1475663135000,111
1475663140000,110
1475663150000,112
1475663155000,114
1475663160000,115
1475663165000,116
1475663170000,111
1475663175000,110
1475663180000,107
1475663185000,107
1475663190000,104
1475663195000,106
1475663210000,109
1475663215000,106
1475663220000,104
1475663225000,103
1475663230000,103
1475663235000,109
1475663240000,108
1475663245000,105
1475663250000,108
1475663255000,112
1475663260000,116
1475663265000,120
1475663280000,120
1475663290000,118
1475663295000,116
1475663300000,116
1475663305000,115
1475663310000,114
1475663315000,108
1475663320000,105
1475663325000,106
1475663330000,107
1475663335000,108
1475663340000,111
1475663345000,113
1475663355000,112
1475663360000,113
1475663365000,114
1475663375000,115
1475663380000,118
1475663385000,117
1475663390000,118
1475663395000,119
1475663400000,121
1475663415000,118
1475663420000,115
1475663425000,114
1475663430000,111
1475663435000,108
1475663440000,109
1475663445000,112
1475663450000,110
1475663455000,114
1475663460000,115
1475663465000,114
1475663470000,115
1475663475000,118
1475663480000,134
1475663485000,133
1475663490000,129
1475663495000,131
1475663505000,132
1475663515000,126
1475663520000,128
1475663525000,126
1475663535000,117
1475663540000,115
1475663555000,113
1475663565000,108
1475663570000,103
1475663580000,102
1475663590000,103
1475663595000,102
1475663600000,103
1475663605000,102
1475663620000,104
1475663630000,115
1475663645000,115
1475663660000,115
1475663665000,118
1475663675000,117
1475663680000,116
1475663690000,114
1475663695000,112
1475663700000,109
1475663710000,102
1475663715000,103
1475663725000,101
1475663735000,102
1475663750000,100
1475663760000,101
1475663765000,104
1475663770000,105
1475663775000,104
1475663780000,105
1475663785000,104
1475663795000,105
1475663800000,101
1475663805000,97
1475663815000,96
1475663820000,97
1475663825000,99
1475663830000,100
1475663835000,101
1475663840000,101
1475663850000,103
1475663855000,105
1475663860000,119
1475663865000,120
1475663875000,119
1475663880000,117
1475663885000,116
1475663895000,112
1475663910000,112
1475663925000,111
1475663935000,110
1475663950000,108
1475663960000,109
1475663970000,119
1475663980000,116
1475663990000,115
1475664000000,111
1475664010000,112
1475664015000,113
1475664030000,110
1475664045000,110
1475664060000,110
1475664070000,110
1475664085000,110
1475664100000,110
1475664110000,112
1475664120000,73
1475664125000,72
1475664130000,71
1475664145000,71
1475664150000,70
1475664160000,70
1475664165000,71
1475664180000,71
1475664185000,71
1475664195000,72
1475664200000,71
1475664215000,71
1475664220000,72
1475664230000,73
1475664245000,73
1475664250000,74
1475664265000,74
1475664280000,74
1475664295000,74
1475664310000,74
1475664325000,74
1475664330000,75
1475664345000,75
1475664360000,75
1475664370000,77
1475664385000,77
1475664395000,77
1475664405000,79
1475664410000,80
1475664425000,81
1475664430000,95
1475664435000,105
1475664440000,105
1475664445000,108
1475664455000,112
1475664460000,106
1475664465000,107
1475664470000,106
1475664475000,106
1475664480000,108
1475664485000,106
1475664490000,111
1475664495000,113
1475664510000,113
1475664515000,114
1475664525000,113
1475664535000,111
1475664540000,110
1475664545000,108
1475664550000,102
1475664555000,103
1475664565000,105
1475664570000,107
1475664575000,108
1475664580000,109
1475664585000,105
1475664590000,107
1475664605000,108
1475664610000,110
1475664615000,105
1475664620000,105
1475664625000,109
1475664630000,106
1475664635000,99
1475664650000,100
1475664655000,102
1475664660000,103
1475664670000,105
1475664680000,101
1475664685000,102
1475664690000,105
1475664705000,106
1475664710000,109
1475664715000,112
1475664720000,113
1475664725000,116
1475664730000,117
1475664735000,114
1475664740000,113
1475664745000,111
1475664750000,114
1475664760000,110
1475664765000,109
1475664780000,110
1475664785000,109
1475664800000,112
1475664805000,116
1475664810000,121
1475664815000,123
1475664820000,122
1475664825000,126
1475664830000,133
1475664835000,135
1475664840000,141
1475664845000,138
1475664850000,133
1475664855000,131
1475664860000,135
1475664865000,140
1475664870000,137
1475664875000,132
1475664880000,127
1475664885000,126
1475664890000,125
1475664895000,122
1475664900000,124
1475664905000,125
1475664910000,126
1475664915000,124
1475664920000,121
1475664925000,117
1475664935000,118
1475664940000,115
1475664945000,109
1475664950000,109
1475664960000,111
1475664965000,110
1475664975000,107
1475664980000,108
1475664985000,109
1475664990000,111
1475664995000,110
1475665000000,113
1475665005000,118
1475665010000,117
1475665015000,120
1475665025000,122
1475665030000,126
1475665035000,124
1475665040000,127
1475665045000,124
1475665050000,120
1475665055000,119
1475665060000,123
1475665065000,125
1475665070000,123
1475665085000,124
1475665090000,123
1475665095000,122
1475665105000,120
1475665110000,118
1475665115000,117
1475665120000,115
1475665125000,115
1475665130000,118
1475665140000,119
1475665150000,117
1475665160000,118
1475665165000,117
1475665175000,114
1475665180000,112
1475665185000,110
1475665190000,111
1475665195000,112
1475665200000,113
1475665205000,114
1475665215000,113
1475665220000,107
1475665225000,109
1475665230000,110
1475665235000,110
1475665240000,111
1475665245000,112
1475665250000,113
1475665255000,112
1475665270000,112
1475665275000,110
1475665285000,108
1475665290000,110
1475665295000,115
1475665300000,119
1475665305000,120
1475665315000,123
1475665325000,120
1475665330000,119
1475665335000,122
1475665340000,127
1475665345000,123
1475665350000,122
1475665360000,121
1475665370000,118
1475665380000,119
1475665385000,119
1475665390000,123
1475665395000,127
1475665400000,132
1475665410000,130
1475665415000,127
1475665425000,131
1475665430000,135
1475665435000,136
1475665440000,137
1475665445000,139
1475665450000,136
1475665455000,134
1475665460000,132
1475665465000,125
1475665470000,123
1475665485000,120
1475665490000,119
1475665495000,120
1475665500000,123
1475665505000,121
1475665510000,120
1475665515000,121
1475665520000,120
1475665525000,119
1475665540000,121
1475665545000,122
1475665550000,125
1475665555000,128
1475665560000,129
1475665570000,130
1475665580000,129
1475665585000,130
1475665590000,128
1475665595000,127
1475665600000,125
1475665605000,127
1475665610000,126
1475665615000,125
1475665620000,124
1475665625000,124
1475665635000,121
1475665640000,120
1475665655000,120
1475665660000,117
1475665665000,113
1475665680000,113
1475665695000,112
1475665705000,111
1475665710000,112
1475665720000,113
1475665725000,114
1475665730000,115
1475665735000,113
1475665740000,112
1475665755000,113
1475665770000,110
1475665775000,108
1475665780000,109
1475665785000,125
1475665800000,125
1475665805000,124
1475665810000,121
1475665815000,122
1475665820000,122
1475665825000,121
1475665830000,121
1475665835000,125
1475665840000,122
1475665845000,122
1475665850000,121
1475665855000,119
1475665860000,117
1475665865000,118
1475665875000,117
1475665885000,117
1475665900000,118
1475665905000,120
1475665920000,120
1475665935000,121
1475665940000,122
1475665950000,121
1475665960000,127
1475665965000,126
1475665970000,125
1475665975000,124
1475665990000,118
1475666000000,120
1475666010000,123
1475666020000,122
1475666035000,122
1475666040000,117
1475666045000,116
1475666060000,116
1475666070000,118
1475666080000,116
1475666090000,117
1475666105000,117
1475666110000,116
1475666115000,115
1475666120000,114
1475666135000,114
1475666140000,115
1475666145000,115
1475666160000,78
1475666170000,66
1475666185000,66
1475666190000,90
1475666195000,100
1475666205000,101
1475666210000,100
1475666220000,96
1475666225000,94
1475666235000,123
1475666245000,122
1475666260000,122
1475666270000,121
1475666280000,123
1475666290000,118
1475666295000,117
1475666300000,118
1475666310000,119
1475666315000,114
1475666325000,115
1475666330000,113
1475666345000,113
1475666360000,113
1475666365000,114
1475666380000,115
1475666395000,115
1475666410000,115
1475666425000,115
1475666430000,119
1475666440000,117
1475666445000,117
1475666460000,116
1475666470000,114
1475666485000,114
1475666490000,113
1475666500000,116
1475666510000,119
1475666520000,117
1475666525000,119
1475666530000,118
1475666545000,118
1475666550000,118
1475666560000,117
1475666570000,116
1475666580000,118
1475666590000,119
1475666595000,119
1475666610000,118
1475666620000,116
1475666630000,115
1475666640000,115
1475666655000,115
1475666670000,114
1475666685000,114
1475666690000,113
1475666700000,111
1475666710000,111
1475666715000,112
1475666730000,112
1475666740000,115
1475666750000,114
1475666755000,113
1475666760000,111
1475666775000,111
1475666780000,111
1475666795000,111
1475666800000,110
1475666810000,108
1475666815000,108
1475666820000,108
1475666830000,107
1475666840000,106
1475666850000,105
1475666855000,102
1475666870000,112
1475666880000,115
1475666895000,115
1475666905000,114
1475666910000,113
1475666915000,111
1475666920000,109
1475666930000,116
1475666935000,115
1475666950000,115
1475666960000,114
1475666965000,113
1475666980000,113
1475666990000,114
1475667005000,114
1475667020000,115
1475667030000,112
1475667040000,111
1475667050000,110
1475667065000,110
1475667070000,110
1475667080000,111
1475667095000,111
1475667100000,107
1475667115000,107
1475667130000,107
1475667140000,107
1475667150000,107
1475667160000,110
1475667170000,111
1475667180000,112
1475667185000,109
1475667200000,109
1475667215000,109
1475667225000,108
1475667230000,108
1475667240000,107
1475667255000,107
1475667270000,107
1475667280000,109
1475667290000,110
1475667305000,110
1475667310000,108
1475667320000,106
1475667325000,105
1475667330000,104
1475667340000,106
1475667350000,111
1475667360000,108
1475667365000,112
1475667380000,111
1475667395000,110
1475667400000,108
1475667415000,108
1475667420000,107
1475667425000,103
1475667440000,103
1475667450000,108
1475667465000,108
1475667480000,108
1475667490000,109
1475667500000,108
1475667505000,108
1475667520000,105
1475667535000,105
1475667550000,105
1475667560000,103
1475667570000,100
1475667580000,98
1475667595000,98
1475667600000,101
1475667615000,101
1475667630000,101
1475667635000,101
1475667650000,101
1475667660000,101
1475667670000,100
1475667680000,100
1475667685000,100
1475667690000,100
1475667695000,100
1475667700000,100
1475667710000,100
1475667720000,100
1475667735000,99
1475667740000,99
1475667755000,99
1475667760000,100
1475667770000,100
1475667775000,100
1475667780000,100
1475667785000,100
1475667790000,100
1475667800000,99
1475667815000,99
1475667820000,98
1475667825000,98
1475667830000,98
1475667840000,98
1475667855000,98
1475667860000,96
1475667875000,96
1475667890000,96
1475667895000,97
1475667910000,97
1475667920000,104
1475667930000,107
1475667940000,105
1475667950000,106
1475667960000,112
1475667965000,111
1475667975000,110
1475667980000,105
1475667995000,105
1475668000000,113
1475668010000,108
1475668020000,107
1475668030000,107
1475668045000,107
1475668050000,105
1475668055000,102
1475668070000,102
1475668085000,102
1475668095000,101
1475668100000,102
1475668110000,103
1475668115000,104
1475668120000,105
1475668135000,105
1475668140000,106
1475668150000,108
1475668160000,107
1475668170000,105
1475668175000,98
1475668180000,94
1475668195000,94
1475668210000,94
1475668215000,96
1475668225000,96
1475668230000,95
1475668235000,94
1475668250000,94
1475668260000,94
1475668275000,94
1475668290000,94
1475668295000,93
1475668310000,93
1475668320000,94
1475668325000,95
1475668330000,94
1475668345000,94
1475668350000,98
1475668360000,97
1475668370000,95
1475668385000,95
1475668390000,95
1475668400000,96
1475668415000,96
1475668425000,95
1475668440000,95
1475668455000,95
1475668460000,97
1475668475000,97
1475668480000,100
1475668490000,102
1475668505000,102
1475668515000,103
1475668520000,102
1475668535000,102
1475668540000,102
1475668545000,103
1475668560000,102
1475668575000,102
1475668585000,101
1475668600000,101
1475668615000,101
1475668620000,101
1475668630000,101
1475668645000,101
1475668655000,103
1475668670000,103
1475668685000,102
1475668700000,103
1475668705000,105
1475668720000,104
1475668730000,103
1475668745000,103
1475668750000,103
1475668765000,103
1475668780000,103
1475668790000,103
1475668805000,103
1475668810000,102
1475668820000,103
1475668825000,100
1475668840000,100
1475668850000,97
1475668860000,100
1475668870000,101
1475668880000,102
1475668895000,102
1475668910000,99
1475668925000,99
1475668930000,102
1475668935000,101
1475668940000,98
1475668955000,98
1475668960000,97
1475668965000,97
1475668980000,97
1475668995000,97
1475669010000,97
1475669015000,70
1475669020000,77
1475669025000,84
1475669040000,92
1475669050000,105
1475669055000,102
1475669060000,102
1475669075000,102
1475669080000,100
1475669090000,95
1475669100000,94
1475669110000,98
1475669120000,97
1475669130000,99
1475669145000,98
1475669150000,97
1475669160000,97
1475669175000,97
1475669190000,97
1475669200000,105
1475669210000,104
1475669220000,102
1475669230000,100
1475669245000,100
1475669250000,101
1475669260000,103
1475669270000,104
1475669280000,100
1475669295000,100
1475669300000,94
1475669310000,94
1475669325000,94
1475669330000,89
1475669340000,89
1475669355000,89
1475669370000,88
1475669380000,89
1475669395000,89
1475669410000,67
1475669420000,66
1475669435000,66
1475669440000,66
1475669445000,67
1475669460000,67
1475669470000,62
1475669485000,62
1475669500000,62
1475669515000,62
1475669530000,62
1475669535000,70
1475669540000,100
1475669550000,91
1475669560000,96
1475669570000,95
1475669580000,96
1475669595000,96
1475669610000,96
1475669620000,95
1475669635000,95
1475669640000,94
1475669650000,94
1475669660000,93
1475669670000,92
1475669685000,92
1475669690000,91
1475669705000,91
1475669720000,91
1475669735000,91
1475669750000,91
1475669760000,70
1475669770000,67
1475669780000,97
1475669790000,99
1475669800000,97
1475669810000,99
1475669825000,99
1475669830000,99
1475669845000,99
1475669860000,99
1475669870000,99
1475669885000,99
1475669900000,99
1475669910000,98
1475669915000,96
1475669920000,94
1475669930000,93
1475669945000,93
1475669955000,91
1475669970000,91
1475669985000,91
1475669995000,70
1475670000000,95
1475670005000,95
1475670010000,95
1475670020000,93
1475670025000,92
1475670040000,92
1475670050000,90
1475670065000,94
1475670080000,94
1475670095000,94
1475670110000,94
1475670125000,94
1475670140000,94
1475670150000,95
1475670160000,94
1475670165000,95
1475670175000,93
1475670180000,92
1475670190000,89
1475670200000,89
1475670210000,86
1475670225000,86
1475670240000,86
1475670255000,86
1475670260000,87
1475670270000,88
1475670280000,90
1475670295000,90
1475670300000,90
1475670310000,90
1475670320000,91
1475670325000,92
1475670335000,92
1475670350000,92
1475670365000,92
1475670380000,92
1475670385000,92
1475670400000,92
1475670405000,93
1475670410000,86
1475670420000,85
1475670435000,85
1475670440000,87
1475670455000,87
1475670460000,86
1475670475000,86
1475670480000,93
1475670490000,94
1475670500000,93
1475670510000,93
1475670520000,91
1475670535000,91
1475670540000,92
1475670555000,92
1475670560000,92
1475670575000,92
1475670590000,92
1475670595000,92
1475670600000,92
1475670610000,94
1475670615000,95
1475670620000,96
1475670635000,96
1475670650000,96
1475670665000,93
1475670680000,93
1475670695000,93
1475670700000,92
1475670705000,91
1475670720000,91
1475670735000,91
1475670740000,91
1475670745000,91
1475670760000,91
1475670775000,91
1475670780000,91
1475670795000,91
1475670800000,91
1475670805000,90
1475670820000,90
1475670830000,93
1475670840000,96
1475670850000,97
1475670860000,97
1475670865000,97
1475670880000,97
1475670890000,98
1475670905000,98
1475670910000,97
1475670920000,97
1475670930000,97
1475670940000,99
1475670950000,100
1475670960000,95
1475670970000,96
1475670980000,98
1475670990000,97
1475671000000,95
1475671010000,94
1475671020000,92
1475671035000,92
1475671050000,96
1475671060000,98
1475671065000,96
1475671070000,94
1475671080000,94
1475671095000,94
1475671100000,88
1475671115000,87
1475671125000,86
1475671130000,86
1475671140000,89
1475671150000,92
1475671160000,100
1475671170000,103
1475671180000,98
1475671195000,98
1475671200000,97
1475671205000,96
1475671220000,95
1475671225000,93
1475671230000,95
1475671245000,95
1475671260000,96
1475671275000,96
1475671285000,94
1475671290000,93
1475671305000,93
1475671320000,92
1475671335000,92
1475671345000,91
1475671360000,91
1475671375000,91
1475671390000,91
1475671395000,92
1475671410000,92
1475671425000,92
1475671430000,92
1475671445000,92
1475671450000,92
1475671455000,92
1475671465000,95
1475671480000,94
1475671490000,94
1475671500000,94
1475671510000,95
1475671520000,93
1475671525000,94
1475671530000,93
1475671540000,93
1475671550000,92
1475671565000,92
1475671570000,96
1475671575000,95
1475671590000,95
1475671600000,99
1475671610000,100
1475671625000,100
1475671630000,99
1475671640000,99
1475671650000,100
1475671665000,100
1475671670000,99
1475671685000,99
1475671690000,98
1475671695000,97
1475671700000,96
1475671715000,96
1475671720000,95
1475671725000,94
1475671740000,94
1475671755000,94
1475671770000,94
1475671785000,94
1475671800000,94
1475671815000,94
1475671830000,94
1475671845000,94
1475671855000,94
1475671860000,93
1475671865000,93
1475671875000,92
1475671890000,92
1475671900000,91
1475671915000,91
1475671930000,91
1475671945000,91
1475671960000,91
1475671965000,90
1475671970000,89
1475671985000,88
1475671990000,88
1475672005000,88
1475672020000,88
1475672035000,88
1475672040000,89
1475672055000,89
1475672070000,89
1475672085000,89
1475672090000,90
1475672105000,90
1475672110000,88
1475672120000,85
1475672135000,85
1475672140000,85
1475672145000,86
1475672150000,89
1475672165000,89
1475672170000,102
1475672185000,102
1475672190000,99
1475672200000,99
1475672215000,99
1475672225000,98
1475672230000,97
1475672240000,95
1475672250000,94
1475672260000,95
1475672275000,94
1475672290000,94
1475672295000,93
1475672300000,92
1475672315000,92
1475672330000,92
1475672345000,92
1475672350000,65
1475672365000,65
1475672370000,66
1475672385000,66
1475672400000,66
1475672415000,66
1475672430000,66
1475672440000,68
1475672445000,70
1475672450000,71
1475672465000,71
1475672475000,73
1475672490000,73
1475672495000,74
1475672510000,74
1475672525000,74
1475672530000,74
1475672540000,76
1475672545000,78
1475672560000,80
1475672575000,80
1475672590000,82
1475672605000,82
1475672620000,82
1475672630000,80
1475672645000,80
1475672660000,84
1475672670000,87
1475672685000,87
1475672700000,88
1475672705000,89
1475672710000,86
1475672715000,83
1475672720000,83
1475672735000,83
1475672740000,84
1475672750000,83
1475672760000,84
1475672770000,87
1475672785000,87
1475672800000,87
1475672815000,87
1475672830000,87
1475672835000,87
1475672840000,86
1475672850000,87
1475672860000,85
1475672875000,85
1475672880000,85
1475672895000,85
1475672910000,85
1475672925000,85
1475672940000,85
1475672950000,85
1475672960000,84
1475672970000,86
1475672975000,85
1475672990000,82
1475672995000,81
1475673010000,84
1475673020000,90
1475673025000,90
1475673040000,90
1475673045000,89
1475673060000,89
1475673070000,89
1475673075000,88
1475673090000,89
1475673105000,89
1475673110000,87
1475673115000,87
1475673125000,87
1475673140000,87
1475673155000,87
1475673170000,87
1475673185000,87
1475673200000,86
1475673205000,87
1475673215000,88
1475673230000,86
1475673235000,88
1475673245000,89
1475673260000,89
1475673275000,89
1475673290000,93
1475673295000,93
1475673310000,93
1475673315000,92
1475673320000,91
1475673330000,91
1475673345000,91
1475673360000,91
1475673375000,91
1475673380000,92
1475673395000,92
1475673405000,91
1475673420000,92
1475673425000,93
1475673440000,92
1475673450000,92
1475673460000,79
1475673470000,78
1475673480000,91
1475673495000,91
1475673510000,91
1475673525000,91
1475673540000,91
1475673555000,91
1475673570000,91
1475673585000,93
1475673600000,93
1475673610000,87
1475673620000,87
1475673630000,86
1475673645000,86
1475673655000,86
1475673670000,85
1475673675000,86
1475673680000,84
1475673695000,84
1475673700000,85
1475673715000,85
1475673720000,85
1475673735000,85
1475673740000,87
1475673750000,88
1475673760000,89
1475673770000,89
1475673785000,89
1475673795000,88
1475673810000,89
1475673815000,88
1475673820000,74
1475673835000,73
1475673845000,74
1475673855000,75
1475673860000,77
1475673875000,77
1475673890000,77
1475673905000,77
1475673920000,77
1475673930000,78
1475673940000,87
1475673945000,87
1475673960000,87
1475673965000,85
1475673970000,84
1475673980000,82
1475673990000,89
1475674000000,89
1475674015000,89
1475674020000,88
1475674025000,87
1475674040000,87
1475674045000,87
1475674050000,87
1475674065000,87
1475674080000,87
1475674095000,87
1475674100000,87
1475674115000,87
1475674130000,70
1475674140000,99
1475674150000,87
1475674160000,89
1475674170000,91
1475674180000,92
1475674190000,92
1475674200000,91
1475674210000,91
1475674220000,90
1475674235000,90
1475674240000,89
1475674255000,89
1475674260000,90
1475674270000,89
1475674280000,89
1475674295000,89
1475674310000,89
1475674320000,88
1475674330000,86
1475674340000,85
1475674350000,85
1475674365000,85
1475674370000,85
1475674375000,84
1475674390000,84
1475674405000,84
1475674410000,87
1475674420000,86
1475674430000,87
1475674445000,87
1475674450000,87
1475674455000,87
1475674460000,87
1475674475000,87
1475674480000,87
1475674495000,87
1475674510000,87
1475674520000,87
1475674530000,87
1475674540000,88
1475674550000,87
1475674560000,87
1475674575000,87
1475674580000,85
1475674595000,85
1475674610000,85
1475674620000,86
1475674630000,90
1475674640000,91
1475674655000,91
1475674660000,90
1475674665000,89
1475674670000,88
1475674675000,88
1475674685000,89
1475674700000,88
1475674715000,88
1475674720000,87
1475674730000,88
1475674740000,88
1475674755000,88
1475674765000,87
1475674770000,85
1475674780000,85
1475674795000,85
1475674810000,85
1475674820000,88
1475674835000,88
1475674840000,87
1475674850000,86
1475674855000,85
1475674860000,84
1475674875000,84
1475674880000,85
1475674885000,84
1475674890000,83
1475674905000,83
1475674920000,84
1475674930000,83
1475674945000,82
1475674955000,81
1475674970000,83
1475674980000,83
1475674995000,83
1475675010000,83
1475675020000,84
1475675030000,84
1475675035000,85
1475675050000,84
1475675060000,83
1475675065000,84
1475675070000,84
1475675085000,84
1475675100000,84
1475675115000,84
1475675120000,86
1475675125000,88
1475675135000,92
1475675140000,93
1475675145000,95
1475675150000,96
1475675165000,96
1475675175000,98
1475675190000,98
1475675195000,99
1475675200000,100
1475675215000,100
1475675220000,106
1475675225000,109
1475675235000,111
1475675240000,113
1475675245000,112
1475675255000,111
1475675260000,112
1475675275000,112
1475675290000,112
1475675295000,112
1475675300000,112
1475675310000,111
1475675325000,111
1475675340000,109
1475675345000,102
1475675350000,101
1475675365000,101
1475675370000,100
1475675380000,95
1475675395000,95
1475675410000,95
1475675425000,95
1475675440000,96
1475675450000,95
1475675455000,99
1475675470000,99
1475675475000,98
1475675490000,98
1475675505000,98
1475675520000,98
1475675530000,97
1475675540000,97
1475675555000,97
1475675560000,90
1475675570000,68
1475675580000,69
1475675595000,69
1475675610000,69
1475675625000,69
1475675630000,81
1475675640000,90
1475675650000,90
1475675660000,88
1475675675000,88
1475675690000,85
1475675700000,84
1475675715000,84
1475675730000,81
1475675735000,81
1475675745000,83
1475675760000,83
1475675775000,83
1475675780000,84
1475675795000,84
1475675805000,85
1475675810000,86
1475675815000,88
1475675825000,87
1475675840000,87
1475675855000,87
1475675870000,86
1475675880000,87
1475675885000,89
1475675900000,89
1475675915000,89
1475675930000,91
1475675945000,91
1475675960000,91
1475675975000,91
1475675990000,91
1475676000000,89
1475676010000,89
1475676025000,89
1475676040000,89
1475676050000,88
1475676065000,88
1475676080000,88
1475676095000,88
1475676110000,88
1475676125000,88
1475676140000,88
1475676150000,87
1475676165000,87
1475676170000,87
1475676180000,82
1475676190000,83
1475676200000,85
1475676215000,85
1475676230000,85
1475676245000,85
1475676260000,85
1475676265000,85
1475676280000,85
1475676295000,85
1475676300000,87
1475676310000,87
1475676325000,87
1475676330000,87
1475676335000,70
1475676340000,81
1475676350000,88
1475676360000,87
1475676370000,86
1475676380000,85
1475676390000,86
1475676405000,86
1475676410000,85
1475676420000,86
1475676430000,87
1475676440000,88
1475676450000,87
1475676465000,87
1475676480000,89
1475676490000,89
1475676505000,89
1475676510000,88
1475676520000,88
1475676530000,91
1475676540000,91
1475676555000,91
1475676560000,88
1475676565000,87
1475676570000,88
1475676580000,88
1475676590000,87
1475676605000,87
1475676620000,88
1475676630000,95
1475676645000,95
1475676650000,87
1475676660000,92
1475676670000,90
1475676680000,86
1475676690000,85
1475676695000,85
1475676710000,85
1475676720000,84
1475676730000,84
1475676740000,86
1475676745000,87
1475676760000,87
1475676770000,86
1475676780000,88
1475676795000,88
1475676805000,87
1475676810000,87
1475676825000,87
1475676840000,87
1475676850000,91
1475676860000,89
1475676875000,89
1475676890000,89
1475676905000,89
1475676920000,89
1475676925000,88
1475676940000,87
1475676955000,87
1475676970000,87
1475676980000,86
1475676995000,86
1475677000000,89
1475677010000,89
1475677020000,82
1475677030000,82
1475677045000,82
1475677050000,83
1475677060000,86
1475677070000,88
1475677080000,87
1475677090000,86
1475677095000,86
1475677110000,86
1475677120000,82
1475677135000,82
1475677140000,83
1475677150000,87
1475677160000,85
1475677175000,85
1475677180000,84
1475677190000,83
1475677205000,83
1475677220000,83
1475677230000,83
1475677245000,83
1475677250000,84
1475677265000,84
1475677280000,84
1475677295000,84
1475677300000,85
1475677305000,86
1475677310000,86
1475677315000,87
1475677330000,87
1475677335000,88
1475677340000,89
1475677345000,90
1475677355000,91
1475677360000,91
1475677375000,91
1475677390000,91
1475677405000,91
1475677420000,91
1475677425000,91
1475677440000,91
1475677455000,91
1475677460000,92
1475677470000,90
1475677480000,91
1475677485000,95
1475677490000,94
1475677495000,93
1475677510000,93
1475677525000,93
1475677540000,93
1475677550000,92
1475677560000,88
1475677565000,87
1475677575000,86
1475677585000,86
1475677600000,86
1475677615000,86
1475677630000,86
1475677645000,86
1475677660000,86
1475677675000,86
1475677690000,85
1475677705000,85
1475677720000,85
1475677725000,84
1475677730000,83
1475677745000,83
1475677755000,83
1475677760000,82
1475677770000,83
1475677785000,83
1475677800000,83
1475677810000,84
1475677825000,84
1475677840000,84
1475677845000,85
1475677860000,85
1475677875000,84
1475677880000,84
1475677890000,85
1475677905000,85
1475677910000,87
1475677920000,83
1475677930000,82
1475677945000,82
1475677960000,82
1475677970000,83
1475677985000,83
1475677990000,82
1475677995000,83
1475678000000,84
1475678005000,84
1475678020000,84
1475678030000,83
1475678040000,82
1475678050000,84
1475678060000,86
1475678065000,86
1475678080000,86
1475678090000,87
1475678105000,87
1475678120000,88
1475678125000,89
1475678130000,90
1475678135000,91
1475678140000,92
1475678145000,93
1475678150000,94
1475678160000,94
1475678165000,95
1475678180000,95
1475678185000,94
1475678200000,94
1475678210000,93
1475678215000,92
1475678220000,91
1475678235000,91
1475678240000,88
1475678250000,88
1475678260000,85
1475678270000,84
1475678280000,86
1475678290000,87
1475678300000,86
1475678310000,85
1475678325000,85
1475678335000,86
1475678350000,79
1475678360000,82
1475678370000,87
1475678380000,86
1475678385000,84
1475678390000,82
1475678400000,85
1475678410000,84
1475678420000,83
1475678430000,85
1475678440000,84
1475678450000,83
1475678455000,83
1475678470000,83
1475678485000,83
1475678490000,81
1475678505000,81
1475678520000,80
1475678525000,84
1475678530000,84
1475678540000,83
1475678550000,85
1475678560000,85
1475678570000,90
1475678580000,92
1475678585000,89
1475678600000,89
1475678615000,89
1475678620000,89
1475678635000,89
1475678645000,88
1475678660000,88
1475678670000,88
1475678685000,88
1475678700000,88
1475678710000,87
1475678720000,85
1475678735000,85
1475678750000,85
1475678765000,85
1475678770000,86
1475678780000,87
1475678795000,87
1475678800000,88
1475678805000,89
1475678820000,89
1475678825000,89
1475678830000,89
1475678835000,74
1475678840000,73
1475678845000,74
1475678860000,82
1475678865000,85
1475678875000,83
1475678890000,84
1475678900000,82
1475678910000,83
1475678920000,88
1475678925000,87
1475678930000,90
1475678940000,89
1475678950000,90
1475678960000,89
1475678970000,88
1475678980000,91
1475678995000,91
1475679000000,91
1475679015000,91
1475679020000,92
1475679030000,91
1475679045000,91
1475679050000,85
1475679060000,89
1475679070000,92
1475679080000,91
1475679090000,90
1475679100000,89
1475679115000,88
1475679130000,90
1475679135000,91
1475679140000,93
1475679145000,94
1475679160000,94
1475679175000,94
1475679180000,96
1475679185000,97
1475679195000,98
1475679200000,99
1475679210000,98
1475679215000,100
1475679220000,103
1475679225000,106
1475679230000,107
1475679240000,106
1475679245000,106
1475679260000,106
1475679275000,90
1475679280000,90
1475679285000,87
1475679290000,86
1475679295000,85
1475679300000,85
1475679305000,86
1475679320000,87
1475679330000,86
1475679340000,84
1475679355000,84
1475679365000,84
1475679380000,84
1475679395000,84
1475679400000,84
1475679410000,85
1475679415000,87
1475679430000,87
1475679440000,88
1475679455000,88
1475679470000,85
1475679480000,84
1475679495000,84
1475679500000,84
1475679515000,84
1475679530000,84
1475679535000,85
1475679540000,87
1475679545000,89
1475679550000,90
1475679555000,94
1475679560000,96
1475679565000,95
1475679570000,96
1475679575000,99
1475679590000,84
1475679605000,84
1475679620000,88
1475679625000,85
1475679630000,85
1475679635000,85
1475679640000,85
1475679645000,86
1475679650000,86
1475679655000,87
1475679660000,86
1475679670000,87
1475679680000,85
1475679685000,85
1475679690000,86
1475679700000,85
1475679705000,85
1475679720000,84
1475679725000,85
1475679730000,90
1475679740000,86
1475679755000,86
1475679760000,84
1475679765000,83
1475679780000,83
1475679785000,84
1475679800000,84
1475679810000,83
1475679820000,83
1475679835000,83
1475679840000,84
1475679855000,84
1475679860000,83
1475679870000,84
1475679880000,83
1475679895000,83
1475679900000,83
1475679910000,82
1475679920000,83
1475679935000,83
1475679940000,83
1475679955000,83
1475679970000,84
1475679980000,85
1475679990000,86
1475680005000,86
1475680010000,86
1475680020000,87
1475680035000,87
1475680050000,85
1475680060000,82
1475680070000,81
1475680080000,82
1475680095000,82
1475680100000,81
1475680115000,81
1475680120000,79
1475680135000,79
1475680140000,79
1475680145000,80
1475680150000,81
1475680155000,83
1475680165000,82
1475680180000,82
1475680195000,82
1475680210000,81
1475680215000,82
1475680230000,82
1475680245000,82
1475680260000,82
1475680270000,82
1475680275000,83
1475680290000,83
1475680295000,84
1475680310000,84
1475680315000,84
1475680330000,83
1475680345000,83
1475680350000,83
1475680360000,65
1475680365000,73
1475680370000,75
1475680385000,75
1475680390000,75
1475680395000,80
1475680410000,83
1475680425000,83
1475680430000,91
1475680445000,91
1475680460000,91
1475680475000,91
1475680490000,92
1475680500000,90
1475680510000,89
1475680520000,88
1475680530000,88
1475680535000,87
1475680550000,87
1475680565000,87
1475680575000,86
1475680580000,85
1475680585000,86
1475680590000,87
1475680605000,87
1475680620000,87
1475680630000,88
1475680640000,91
1475680645000,91
1475680650000,92
1475680655000,92
1475680660000,91
1475680675000,91
1475680680000,89
1475680695000,89
1475680710000,89
1475680715000,88
1475680720000,89
1475680725000,84
1475680735000,83
1475680750000,85
1475680760000,84
1475680775000,83
1475680780000,82
1475680790000,79
1475680800000,80
1475680815000,80
1475680830000,81
1475680845000,81
1475680860000,81
1475680875000,81
1475680880000,83
1475680890000,75
1475680900000,83
1475680910000,89
1475680925000,89
1475680930000,90
1475680940000,91
1475680950000,90
1475680965000,90
1475680980000,90
1475680995000,89
1475681000000,89
1475681010000,87
1475681020000,85
1475681025000,84
1475681040000,84
1475681055000,84
1475681070000,84
1475681085000,84
1475681100000,83
1475681115000,83
1475681130000,83
1475681145000,83
1475681150000,84
1475681160000,84
1475681170000,84
1475681180000,87
1475681190000,84
1475681200000,83
1475681210000,83
1475681220000,82
1475681230000,81
1475681240000,80
1475681250000,81
1475681260000,79
1475681270000,80
1475681280000,82
1475681290000,87
1475681300000,87
1475681315000,87
1475681330000,87
1475681345000,87
1475681350000,86
1475681355000,84
1475681360000,85
1475681375000,85
1475681390000,86
1475681400000,87
1475681410000,89
1475681420000,91
1475681430000,89
1475681435000,88
1475681450000,88
1475681460000,87
1475681475000,87
1475681490000,87
1475681500000,87
1475681515000,87
1475681520000,86
1475681530000,86
1475681540000,86
1475681555000,86
1475681560000,81
1475681570000,82
1475681580000,89
1475681590000,84
1475681595000,84
1475681610000,84
1475681625000,84
1475681630000,85
1475681635000,85
1475681650000,85
1475681660000,89
1475681665000,90
1475681670000,89
1475681685000,88
1475681700000,88
1475681715000,88
1475681730000,88
1475681745000,88
1475681760000,89
1475681775000,89
1475681790000,89
1475681805000,88
1475681810000,87
1475681820000,85
1475681830000,85
1475681840000,87
1475681850000,85
1475681860000,86
1475681875000,86
1475681890000,86
1475681900000,86
1475681915000,86
1475681930000,86
1475681945000,70
1475681960000,70
1475681970000,79
1475681980000,83
1475681995000,83
1475682010000,83
1475682025000,83
1475682030000,78
1475682045000,78
1475682060000,78
1475682070000,75
1475682085000,75
1475682100000,76
1475682110000,84
1475682125000,84
1475682130000,84
1475682145000,84
1475682155000,84
1475682160000,86
1475682165000,88
1475682170000,88
1475682175000,87
1475682180000,86
1475682185000,88
1475682190000,90
1475682195000,92
1475682200000,94
1475682205000,93
1475682220000,93
1475682235000,94
1475682240000,99
1475682245000,102
1475682250000,103
1475682265000,103
1475682275000,103
1475682285000,104
1475682295000,103
1475682310000,103
1475682320000,104
1475682330000,101
1475682335000,102
1475682340000,101
1475682345000,102
1475682350000,104
1475682360000,100
1475682370000,99
1475682380000,98
1475682390000,95
1475682400000,94
1475682405000,91
1475682420000,91
1475682430000,91
1475682440000,88
1475682455000,88
1475682470000,88
1475682480000,89
1475682490000,91
1475682505000,91
1475682520000,91
1475682525000,92
1475682540000,92
1475682550000,92
1475682560000,91
1475682570000,90
1475682585000,90
1475682600000,90
1475682605000,90
1475682615000,90
1475682620000,91
1475682625000,95
1475682635000,95
1475682645000,94
1475682650000,93
1475682655000,92
1475682660000,91
1475682670000,90
1475682680000,91
1475682695000,92
1475682705000,94
1475682715000,96
1475682720000,97
1475682735000,97
1475682745000,96
1475682760000,96
1475682765000,96
1475682770000,96
1475682785000,96
1475682790000,95
1475682805000,95
1475682820000,95
1475682835000,95
1475682840000,94
1475682850000,87
1475682860000,85
1475682875000,85
1475682890000,84
1475682900000,82
1475682915000,82
1475682920000,81
1475682930000,79
1475682945000,79
1475682960000,79
1475682975000,79
1475682990000,79
1475682995000,78
1475683005000,79
1475683010000,80
1475683025000,80
1475683040000,80
1475683050000,79
1475683060000,78
1475683075000,78
1475683080000,78
1475683095000,78
1475683110000,78
1475683120000,77
1475683125000,79
1475683140000,79
1475683155000,79
1475683170000,79
1475683180000,77
1475683190000,74
1475683205000,74
1475683210000,74
1475683225000,74
1475683230000,74
1475683245000,74
1475683260000,74
1475683265000,75
1475683280000,75
1475683290000,76
1475683305000,76
1475683310000,78
1475683325000,78
1475683330000,77
1475683345000,77
1475683360000,76
1475683370000,77
1475683385000,77
1475683400000,77
1475683415000,77
1475683420000,76
1475683435000,76
1475683440000,75
1475683450000,76
1475683460000,77
1475683470000,77
1475683485000,77
1475683500000,77
1475683510000,77
1475683515000,77
1475683520000,77
1475683525000,77
1475683540000,77
1475683550000,77
1475683560000,77
1475683570000,77
1475683585000,77
1475683600000,77
1475683615000,77
1475683630000,77
1475683645000,77
1475683650000,70
1475683660000,82
1475683665000,80
1475683670000,80
1475683685000,80
1475683700000,80
1475683710000,80
1475683725000,80
1475683740000,80
1475683750000,81
1475683760000,80
1475683770000,78
1475683780000,77
1475683795000,77
1475683800000,77
1475683810000,77
1475683825000,77
1475683840000,77
1475683855000,77
1475683860000,70
1475683870000,78
1475683875000,77
1475683890000,77
1475683900000,78
1475683915000,78
1475683930000,79
1475683940000,78
1475683950000,80
1475683960000,82
1475683970000,78
1475683980000,80
1475683990000,81
1475684005000,81
1475684010000,81
1475684020000,78
1475684030000,79
1475684040000,78
1475684050000,76
1475684060000,77
1475684070000,76
1475684080000,76
1475684090000,75
1475684095000,76
1475684110000,76
1475684125000,76
1475684135000,76
1475684140000,76
1475684155000,76
1475684160000,76
1475684175000,76
1475684190000,76
1475684205000,76
1475684220000,76
1475684235000,76
1475684250000,76
1475684260000,76
1475684275000,76
1475684290000,75
1475684300000,76
1475684315000,76
1475684330000,76
1475684335000,75
1475684350000,76
1475684365000,76
1475684370000,77
1475684385000,77
1475684400000,77
1475684410000,78
1475684425000,78
1475684440000,78
1475684455000,78
1475684470000,73
1475684475000,74
1475684480000,75
1475684495000,68
1475684500000,66
1475684510000,77
1475684520000,80
1475684535000,80
1475684550000,80
1475684565000,80
1475684570000,79
1475684580000,77
1475684590000,76
1475684600000,75
1475684615000,75
1475684620000,76
1475684630000,76
1475684640000,77
1475684650000,76
1475684665000,76
1475684680000,75
1475684695000,75
1475684700000,75
1475684710000,73
1475684720000,76
1475684735000,76
1475684750000,76
1475684755000,76
1475684770000,76
1475684785000,76
1475684800000,76
1475684810000,76
1475684825000,76
1475684830000,75
1475684845000,75
1475684860000,75
1475684875000,75
1475684880000,73
1475684895000,73
1475684910000,73
1475684915000,73
1475684920000,73
1475684930000,73
1475684935000,73
1475684950000,73
1475684965000,73
1475684980000,70
1475684985000,71
1475685000000,71
1475685010000,74
1475685020000,74
1475685030000,75
1475685040000,76
1475685050000,75
1475685055000,75
1475685070000,75
1475685080000,75
1475685095000,75
1475685100000,74
1475685110000,75
1475685115000,75
1475685120000,76
1475685135000,76
1475685140000,75
1475685145000,73
1475685150000,75
1475685160000,75
1475685175000,75
1475685190000,76
1475685205000,76
1475685220000,75
1475685230000,76
1475685240000,78
1475685250000,73
1475685260000,74
1475685270000,73
1475685280000,74
1475685295000,74
1475685310000,73
1475685320000,72
1475685330000,73
1475685345000,73
1475685360000,74
1475685370000,75
1475685380000,77
1475685395000,77
1475685410000,77
1475685425000,77
1475685440000,76
1475685455000,76
1475685460000,77
1475685475000,77
1475685480000,77
1475685490000,78
1475685500000,77
1475685515000,77
1475685530000,77
1475685545000,77
1475685560000,77
1475685575000,77
1475685580000,77
1475685595000,77
1475685610000,77
1475685615000,77
1475685620000,76
1475685630000,75
1475685640000,74
1475685650000,75
1475685655000,76
1475685670000,75
1475685680000,74
1475685690000,76
1475685700000,75
1475685710000,75
1475685725000,75
1475685740000,74
1475685755000,74
1475685760000,74
1475685775000,74
1475685790000,74
1475685800000,75
1475685810000,75
1475685820000,73
1475685835000,73
1475685850000,73
1475685860000,74
1475685870000,72
1475685875000,71
1475685890000,75
1475685905000,75
1475685910000,73
1475685925000,73
1475685940000,73
1475685955000,73
1475685965000,74
1475685980000,68
1475685990000,69
1475685995000,70
1475686000000,71
1475686010000,73
1475686025000,73
1475686030000,73
1475686045000,73
1475686060000,71
1475686075000,71
1475686080000,69
1475686090000,68
1475686100000,69
1475686110000,71
1475686125000,71
1475686140000,71
1475686145000,71
1475686150000,71
1475686160000,71
1475686175000,71
1475686180000,71
1475686190000,73
1475686200000,74
1475686210000,74
1475686225000,74
1475686240000,75
1475686250000,74
1475686260000,72
1475686270000,74
1475686280000,75
1475686290000,75
1475686300000,76
1475686315000,76
1475686330000,76
1475686345000,76
1475686360000,76
1475686375000,76
1475686380000,77
1475686395000,77
1475686400000,78
1475686415000,78
1475686420000,76
1475686425000,75
1475686440000,75
1475686450000,76
1475686465000,76
1475686470000,75
1475686485000,75
1475686490000,73
1475686500000,73
1475686505000,73
1475686520000,64
1475686535000,64
1475686540000,67
1475686550000,68
1475686565000,68
1475686570000,69
1475686580000,69
1475686595000,69
1475686600000,68
1475686615000,68
1475686630000,68
1475686645000,68
1475686660000,68
1475686665000,69
1475686670000,70
1475686685000,70
1475686700000,70
1475686705000,71
1475686710000,72
1475686720000,73
1475686735000,73
1475686740000,72
1475686755000,72
1475686770000,81
1475686780000,82
1475686795000,82
1475686810000,82
1475686820000,81
1475686830000,77
1475686840000,76
1475686850000,72
1475686860000,72
1475686865000,73
1475686870000,72
1475686885000,72
1475686900000,72
1475686915000,72
1475686930000,71
1475686935000,71
1475686950000,71
1475686965000,71
1475686980000,71
1475686990000,71
1475687000000,72
1475687005000,71
1475687010000,70
1475687020000,70
1475687035000,70
1475687040000,70
1475687055000,70
1475687060000,70
1475687075000,70
1475687080000,71
1475687095000,72
1475687110000,72
1475687120000,70
1475687135000,70
1475687140000,72
1475687150000,73
1475687160000,75
1475687175000,75
1475687190000,75
1475687205000,75
1475687210000,76
1475687225000,76
1475687230000,75
1475687245000,75
1475687250000,76
1475687260000,73
1475687270000,74
1475687280000,74
1475687295000,74
1475687310000,71
1475687325000,71
1475687340000,71
1475687350000,72
1475687365000,72
1475687370000,71
1475687385000,71
1475687400000,74
1475687410000,73
1475687425000,73
1475687440000,73
1475687455000,73
1475687460000,74
1475687475000,74
1475687480000,73
1475687495000,73
1475687510000,73
1475687525000,73
1475687540000,73
1475687550000,67
1475687560000,65
1475687575000,65
1475687590000,65
1475687605000,65
1475687610000,64
1475687625000,65
1475687640000,68
1475687645000,69
1475687660000,69
1475687670000,69
1475687675000,70
1475687690000,71
1475687695000,71
1475687710000,71
1475687715000,72
1475687720000,73
1475687730000,74
1475687740000,75
1475687745000,78
1475687750000,79
1475687755000,82
1475687760000,84
1475687765000,86
1475687770000,87
1475687775000,88
1475687780000,90
1475687785000,94
1475687790000,96
1475687795000,97
1475687800000,101
1475687805000,102
1475687810000,103
1475687815000,104
1475687820000,101
1475687825000,99
1475687830000,100
1475687835000,99
1475687845000,99
1475687855000,100
1475687860000,102
1475687865000,104
1475687870000,103
1475687875000,106
1475687890000,106
1475687895000,107
1475687905000,108
1475687910000,109
1475687925000,109
1475687935000,110
1475687950000,111
1475687955000,112
1475687960000,111
1475687965000,114
1475687975000,115
1475687980000,113
1475687985000,111
1475687990000,110
1475688000000,113
1475688010000,114
1475688025000,114
1475688035000,112
1475688040000,113
1475688045000,114
1475688050000,115
1475688055000,114
1475688065000,113
1475688070000,112
1475688075000,109
1475688085000,110
1475688090000,109
1475688095000,109
1475688105000,108
1475688120000,108
1475688135000,106
1475688150000,106
1475688160000,106
1475688170000,105
1475688180000,106
1475688195000,108
1475688210000,106
1475688225000,106
1475688230000,107
1475688245000,107
1475688260000,107
1475688275000,107
1475688280000,107
1475688285000,108
1475688300000,108
1475688305000,108
1475688320000,108
1475688325000,108
1475688340000,105
1475688355000,105
1475688360000,105
1475688370000,103
1475688380000,103
1475688390000,103
1475688405000,103
1475688420000,103
1475688430000,102
1475688435000,99
1475688445000,99
1475688450000,98
1475688465000,98
1475688480000,98
1475688490000,98
1475688505000,98
1475688515000,98
1475688530000,98
1475688540000,98
1475688555000,98
1475688570000,98
1475688580000,97
1475688585000,96
1475688590000,97
1475688605000,97
1475688615000,97
1475688620000,97
1475688635000,98
1475688650000,98
1475688655000,98
1475688670000,98
1475688680000,100
1475688690000,99
1475688705000,99
1475688720000,95
1475688725000,94
1475688740000,94
1475688750000,93
1475688755000,92
1475688770000,90
1475688785000,89
1475688790000,88
1475688805000,88
1475688810000,87
1475688825000,87
1475688840000,86
1475688850000,87
1475688865000,87
1475688880000,87
1475688890000,84
1475688905000,84
1475688920000,83
1475688930000,82
1475688940000,81
1475688950000,65
1475688960000,65
1475688965000,65
1475688970000,65
1475688975000,65
1475688990000,65
1475689005000,65
1475689010000,68
1475689020000,69
1475689030000,70
1475689045000,70
1475689060000,70
1475689075000,71
1475689090000,71
1475689105000,71
1475689110000,72
1475689125000,72
1475689140000,72
1475689155000,72
1475689160000,75
1475689175000,76
1475689190000,76
1475689195000,74
1475689200000,74
1475689215000,74
1475689220000,73
1475689235000,73
1475689250000,73
1475689260000,73
1475689275000,73
1475689280000,63
1475689290000,62
1475689305000,62
1475689315000,62
1475689330000,62
1475689345000,62
1475689350000,64
1475689365000,64
1475689380000,64
1475689395000,64
1475689410000,64
1475689425000,64
1475689440000,64
1475689450000,64
1475689465000,64
1475689480000,64
1475689495000,64
1475689510000,64
1475689515000,65
1475689530000,65
1475689545000,65
1475689560000,67
1475689565000,68
1475689570000,69
1475689580000,71
1475689595000,71
1475689610000,72
1475689620000,73
1475689635000,73
1475689650000,72
1475689660000,73
1475689675000,73
1475689690000,73
1475689700000,74
1475689715000,74
1475689725000,73
1475689740000,73
1475689750000,74
1475689755000,74
1475689770000,74
1475689775000,75
1475689785000,78
1475689790000,80
1475689800000,81
1475689805000,82
1475689810000,82
1475689815000,85
1475689820000,86
1475689825000,87
1475689830000,90
1475689835000,92
1475689840000,95
1475689855000,97
1475689860000,97
1475689865000,98
1475689870000,99
1475689880000,101
1475689885000,103
1475689895000,103
1475689910000,103
1475689925000,103
1475689940000,103
1475689950000,104
1475689955000,107
1475689970000,111
1475689975000,110
1475689980000,111
1475689985000,109
1475689990000,107
1475690005000,107
1475690010000,106
1475690015000,104
1475690020000,101
1475690025000,100
1475690035000,100
1475690045000,100
1475690060000,93
1475690070000,94
1475690080000,87
1475690090000,82
1475690100000,83
1475690115000,83
1475690130000,75
1475690140000,75
1475690155000,75
1475690160000,75
1475690175000,75
1475690185000,77
1475690200000,77
1475690210000,77
1475690220000,77
1475690225000,77
1475690235000,77
1475690250000,77
1475690265000,77
1475690280000,77
1475690285000,78
1475690300000,78
1475690310000,79
1475690315000,82
1475690320000,85
1475690325000,88
1475690340000,88
1475690345000,90
1475690350000,92
1475690355000,92
1475690365000,93
1475690370000,94
1475690380000,96
1475690385000,99
1475690390000,101
1475690405000,101
1475690415000,101
1475690420000,104
1475690425000,107
1475690430000,108
1475690435000,110
1475690440000,112
1475690445000,113
1475690450000,114
1475690455000,115
1475690465000,120
1475690470000,119
1475690475000,115
1475690480000,111
1475690495000,110
1475690500000,111
1475690505000,111
1475690510000,110
1475690525000,109
1475690535000,109
1475690540000,110
1475690545000,108
1475690550000,107
1475690555000,106
1475690560000,107
1475690565000,110
1475690570000,112
1475690575000,114
1475690580000,116
1475690585000,119
1475690590000,120
1475690605000,123
1475690615000,122
1475690625000,123
1475690630000,122
1475690640000,124
1475690645000,120
1475690660000,121
1475690665000,120
1475690670000,121
1475690675000,122
1475690680000,123
1475690685000,122
1475690695000,121
1475690700000,122
1475690705000,123
1475690715000,122
1475690720000,120
1475690725000,120
1475690730000,119
1475690735000,118
1475690740000,118
1475690755000,119
1475690760000,118
1475690765000,120
1475690775000,119
1475690785000,121
1475690790000,124
1475690795000,125
1475690800000,126
1475690805000,127
1475690810000,129
1475690820000,128
1475690825000,125
1475690840000,125
1475690845000,124
1475690855000,124
1475690870000,124
1475690880000,124
1475690885000,123
1475690900000,122
1475690910000,122
1475690925000,122
1475690940000,122
1475690955000,122
1475690960000,122
1475690970000,121
1475690975000,120
1475690980000,121
1475690985000,120
1475690990000,121
1475690995000,119
1475691000000,121
1475691005000,124
1475691015000,125
1475691020000,127
1475691025000,125
1475691030000,128
1475691040000,129
1475691045000,132
1475691050000,134
1475691055000,130
1475691060000,125
1475691065000,121
1475691070000,119
1475691075000,121
1475691080000,120
1475691085000,119
1475691090000,118
1475691100000,119
1475691105000,121
1475691120000,121
1475691125000,121
1475691130000,121
1475691145000,121
1475691160000,120
1475691175000,119
1475691185000,120
1475691200000,118
1475691210000,114
1475691220000,113
1475691230000,112
1475691240000,114
1475691245000,111
1475691260000,111
1475691270000,112
1475691275000,114
1475691280000,115
1475691285000,115
1475691300000,115
1475691310000,114
1475691320000,115
1475691335000,115
1475691350000,112
1475691360000,110
1475691375000,110
1475691380000,108
1475691395000,108
1475691400000,102
1475691410000,103
1475691420000,102
1475691435000,102
1475691440000,101
1475691450000,100
1475691455000,99
1475691470000,99
1475691485000,99
1475691500000,100
1475691510000,99
1475691520000,100
1475691535000,100
1475691540000,99
1475691550000,98
1475691565000,98
1475691580000,96
1475691595000,96
1475691600000,93
1475691610000,93
1475691625000,93
1475691630000,93
1475691645000,93
1475691660000,93
1475691670000,94
1475691680000,95
1475691690000,97
1475691695000,98
1475691700000,100
1475691710000,102
1475691715000,104
1475691725000,103
1475691740000,103
1475691755000,103
1475691765000,105
1475691780000,105
1475691790000,104
1475691805000,104
1475691820000,104
1475691835000,104
1475691840000,102
1475691845000,100
1475691850000,98
1475691855000,99
1475691870000,99
1475691875000,98
1475691880000,97
1475691885000,95
1475691890000,95
1475691905000,95
1475691920000,95
1475691935000,95
1475691950000,97
1475691955000,95
1475691970000,95
1475691980000,95
1475691995000,95
1475692000000,93
1475692015000,92
1475692020000,91
1475692035000,91
1475692040000,89
1475692050000,89
1475692060000,88
1475692075000,88
1475692090000,88
1475692100000,88
1475692105000,87
1475692120000,88
1475692135000,90
1475692140000,93
1475692145000,97
1475692150000,100
1475692155000,104
1475692165000,105
1475692170000,106
1475692175000,104
1475692185000,103
1475692190000,106
1475692195000,110
1475692200000,111
1475692205000,114
1475692210000,114
1475692215000,112
1475692220000,107
1475692235000,109
1475692240000,111
1475692250000,110
1475692255000,115
1475692260000,120
1475692265000,126
1475692275000,122
1475692285000,124
1475692290000,126
1475692300000,127
1475692305000,130
1475692310000,131
1475692315000,128
1475692320000,125
1475692325000,123
1475692330000,122
1475692335000,121
1475692340000,120
1475692355000,121
1475692360000,120
1475692365000,125
1475692370000,131
1475692375000,139
1475692380000,146
1475692385000,148
1475692390000,145
1475692395000,138
1475692400000,132
1475692405000,125
1475692410000,123
1475692415000,121
1475692420000,122
1475692425000,120
1475692430000,119
1475692445000,120
1475692450000,122
1475692455000,120
1475692460000,117
1475692465000,118
1475692470000,119
1475692480000,120
1475692495000,122
1475692505000,121
1475692520000,120
1475692525000,122
1475692530000,124
1475692540000,125
1475692545000,122
1475692560000,125
1475692570000,124
1475692575000,126
1475692590000,125
1475692595000,124
1475692610000,124
1475692615000,123
1475692625000,125
1475692630000,121
1475692635000,119
1475692640000,120
1475692645000,119
1475692650000,120
1475692655000,119
1475692665000,116
1475692675000,115
1475692680000,117
1475692685000,116
1475692700000,116
1475692715000,117
1475692730000,117
1475692745000,117
1475692760000,117
1475692775000,117
1475692790000,117
1475692805000,117
1475692820000,117
1475692835000,117
1475692850000,117
1475702165000,117
1475702180000,117